{
    "mse": 0.002677483716979623,
    "rmse": 0.05174440759134868,
    "mae": 0.03256028890609741,
    "r2": 0.9721545577049255,
    "S11_real_mse": 0.0013513189041987062,
    "S11_real_mae": 0.025170261040329933,
    "S11_imag_mse": 0.0012981160543859005,
    "S11_imag_mae": 0.024810682982206345,
    "S12_real_mse": 0.007739456836134195,
    "S12_real_mae": 0.06419480592012405,
    "S12_imag_mse": 0.00784186739474535,
    "S12_imag_mae": 0.061597488820552826,
    "S13_real_mse": 0.0017369647976011038,
    "S13_real_mae": 0.028081847354769707,
    "S13_imag_mse": 0.001739427214488387,
    "S13_imag_mae": 0.02799246646463871,
    "S14_real_mse": 0.0011650536907836795,
    "S14_real_mae": 0.02009371854364872,
    "S14_imag_mse": 0.001288091647438705,
    "S14_imag_mae": 0.023306796327233315,
    "S22_real_mse": 0.0012259299401193857,
    "S22_real_mae": 0.024694569408893585,
    "S22_imag_mse": 0.0012025446631014347,
    "S22_imag_mae": 0.023789070546627045,
    "S23_real_mse": 0.0012416167883202434,
    "S23_real_mae": 0.020787743851542473,
    "S23_imag_mse": 0.0012762390542775393,
    "S23_imag_mae": 0.023260854184627533,
    "S24_real_mse": 0.0019082895014435053,
    "S24_real_mae": 0.02915089763700962,
    "S24_imag_mse": 0.0018112522084265947,
    "S24_imag_mae": 0.02956591732800007,
    "S33_real_mse": 0.0013753279345110059,
    "S33_real_mae": 0.025342023000121117,
    "S33_imag_mse": 0.0013126259436830878,
    "S33_imag_mae": 0.024860220029950142,
    "S34_real_mse": 0.0078008417040109634,
    "S34_real_mae": 0.06463786214590073,
    "S34_imag_mse": 0.007772959768772125,
    "S34_imag_mae": 0.06129336729645729,
    "S44_real_mse": 0.0012559923343360424,
    "S44_real_mae": 0.024730823934078217,
    "S44_imag_mse": 0.0012057586573064327,
    "S44_imag_mae": 0.02384435012936592
}